CHARTER,CITYST,STATE,STATEGDP,COST,FAILDATE,NAME,ASSET,DEPOSIT,state_latitude,state_longitude
N,"MIAMI, FL",Florida,689974,101748,1/11/2002,"HAMILTON BANK, NATIONAL ASSOCIATION",1409496,1298731,27.994402,-81.760254
NM,"UNIVERSITY PLACE, WA",Washington,410874,22860,1/11/2013,WESTSIDE COMMUNITY BANK,91935,91879,47.400902,-121.490494
NM,"PENNSVILLE, NJ",New Jersey,537579,22158,1/13/2017,HARVEST COMMUNITY BANK,124223,122177,40.298904,-74.521011
NM,"CARLISLE, IA",Iowa,121924,11574,1/14/2000,HARTFORD-CARLISLE SB,105044,68549,42.011539,-93.210526
NM,"BRUNSWICK, GA",Georgia,441627,84066,1/14/2011,OGLETHORPE BANK,211149,201369,33.040619,-83.643074
SM,"KAYSVILLE, UT",Utah,123902,107233,1/15/2010,BARNES BANKING COMPANY,709171,697109,40.150032,-111.862434
NM,"ST. STEPHEN, MN",Minnesota,287140,7707,1/15/2010,ST. STEPHEN STATE BANK,22895,23912,45.694454,-93.900192
NM,"ANTIOCH, IL",Illinois,698180,23289,1/15/2010,TOWN COMMUNITY BANK AND TRUST,70758,68323,40.349457,-88.986137
N,"CHARLOTTE, NC",North Carolina,431955,,1/16/2009,BANK OF AMERICA N.A.,1471631047,954677580,35.630066,-79.806419
N,"BERKELEY, IL",Illinois,688161,80488,1/16/2009,NATIONAL BANK OF COMMERCE,419741,395868,40.349457,-88.986137
N,"SAN FRANCISCO, CA",California,1995440,,1/16/2009,BANK OF AMERICA CALIFORNIA N.A.,21502223,500,36.116203,-119.681564
NM,"SALT LAKE CITY, UT",Utah,121431,,1/16/2009,MERRILL LYNCH BANK USA,61809503,53620324,40.150032,-111.862434
SB,"ALEXANDRIA, VA",Virginia,427649,,1/16/2009,COUNTRYWIDE BANK FSB,117978966,43663251,37.769337,-78.169968
N,"WILMINGTON, DE",Delaware,61518,,1/16/2009,FIA CARD SERVICES N.A.,159637136,9816599,39.318523,-75.507141
SB,"NEW YORK, NY",New York,1230672,,1/16/2009,MERRILL LYNCH BANK & TRUST CO FSB,37986413,28539028,42.165726,-74.948051
NM,"VANCOUVER, WA",Washington,370137,150783,1/16/2009,BANK OF CLARK COUNTY,441085,377506,47.400902,-121.490494
N,"PORTLAND, OR",Oregon,165527,,1/16/2009,BANK OF AMERICA OREGON N.A.,11526309,500,44.572021,-122.070938
N,"PROVIDENCE, RI",Rhode Island,50004,,1/16/2009,BANK OF AMERICA RHODE ISLAND N.A.,35410586,500,41.680893,-71.51178
N,"CRESTVIEW, FL",Florida,852242,6329,1/16/2015,FIRST NATIONAL BANK OF CRESTVIEW,73804,73199,27.994402,-81.760254
N,"WEST CHICAGO, IL",Illinois,741194,1530,1/17/2014,DUPAGE NATIONAL BANK,53524,51878,40.349457,-88.986137
NM,"SIERRA BLANCA, TX",Texas,1043567,4574,1/18/2002,BANK OF SIERRA BLANCA,10764,9914,31.054487,-97.563461
NM,"ANDOVER, MN",Minnesota,305486,12229,1/18/2013,1ST REGENTS BANK,49626,49147,45.694454,-93.900192
NM,"STOCKBRIDGE, GA",Georgia,447765,192145,1/20/2012,THE FIRST STATE BANK,516760,509065,33.040619,-83.643074
SB,"BOOTHWYN, PA",Pennsylvania,647926,4671,1/20/2012,AMERICAN EAGLE SAVINGS BANK,19259,17548,40.590752,-77.209755
NM,"BELLEVIEW, FL",Florida,778545,13697,1/20/2012,CENTRAL FLORIDA STATE BANK,71485,71080,27.994402,-81.760254
NM,"MCDONOUGH, GA",Georgia,441627,43538,1/21/2011,ENTERPRISE BANKING COMPANY,99461,94591,33.040619,-83.643074
SL,"DENVER, CO",Colorado,271701,137544,1/21/2011,UNITED WESTERN BANK,2153690,1535194,39.059811,-105.311104
NM,"ASHEVILLE, NC",North Carolina,443289,43945,1/21/2011,THE BANK OF ASHEVILLE,204925,199394,35.630066,-79.806419
NM,"EASLEY, SC",South Carolina,176083,45189,1/21/2011,COMMUNITYSOUTH BANK AND TRUST,340986,314250,33.856892,-80.945007
NM,"LEETON, MO",Missouri,270733,7092,1/22/2010,BANK OF LEETON,20128,20335,38.456085,-92.288368
NM,"SEATTLE, WA",Washington,380990,43422,1/22/2010,EVERGREEN BANK,395980,340378,47.400902,-121.490494
NM,"THE DALLES, OR",Oregon,169234,54899,1/22/2010,COLUMBIA RIVER BANK,955112,908132,44.572021,-122.070938
SB,"SANTA FE, NM",New Mexico,87610,127197,1/22/2010,CHARTER BANK,1201922,859933,34.840515,-106.248482
NM,"MIAMI, FL",Florida,775040,84454,1/22/2010,PREMIER AMERICAN BANK,299225,285554,27.994402,-81.760254
NM,"REDLANDS, CA",California,1995440,136041,1/23/2009,1ST CENTENNIAL BANK,797959,678570,36.116203,-119.681564
NM,"CHICAGO, IL",Illinois,751755,4743,1/23/2015,HIGHLAND COMMUNITY BANK,54727,53453,40.349457,-88.986137
NM,"EL RENO, OK",Oklahoma,189360,93335,1/24/2014,THE  BANK OF UNION,317172,315843,35.565342,-96.928917
N,"KANSAS CITY, MO",Missouri,273436,7157,1/25/2008,DOUGLASS NATIONAL BANK,52824,50250,38.456085,-92.288368
NM,"JACKSONVILLE, FL",Florida,778545,54383,1/27/2012,FIRST GUARANTY BANK AND TRUST COMPANY OF JACKSONVILLE,397082,378309,27.994402,-81.760254
SM,"KNOXVILLE, TN",Tennessee,286342,74064,1/27/2012,BANKEAST,261947,259571,35.747845,-86.692345
NM,"FOREST LAKE, MN",Minnesota,298328,35346,1/27/2012,PATRIOT BANK MINNESOTA,105029,102833,45.694454,-93.900192
NM,"FRANKLIN, TN",Tennessee,286342,351815,1/27/2012,TENNESSEE COMMERCE BANK,1009154,1037716,35.747845,-86.692345
NM,"CHICAGO, IL",Illinois,753027,43838,1/27/2017,SEAWAY BANK AND TRUST COMPANY,297809,256505,40.349457,-88.986137
NM,"CAMARGO, OK",Oklahoma,166327,33590,1/28/2011,THE FIRST STATE BANK,44546,41204,35.565342,-96.928917
NM,"STOUGHTON, WI",Wisconsin,272813,28060,1/28/2011,EVERGREEN STATE BANK,240949,193694,44.268543,-89.616508
SM,"TAOS, NM",New Mexico,87593,230712,1/28/2011,FIRST COMMUNITY BANK,2188154,1847851,34.840515,-106.248482
NM,"LOUISVILLE, CO",Colorado,271701,233564,1/28/2011,FIRSTIER BANK,764090,718797,39.059811,-105.311104
NM,"IMMOKALEE, FL",Florida,775040,308984,1/29/2010,FLORIDA COMMUNITY BANK,835701,776556,27.994402,-81.760254
NM,"CORNELIA, GA",Georgia,433727,477153,1/29/2010,COMMUNITY BANK & TRUST,1181717,1067957,33.040619,-83.643074
N,"HALLOCK, MN",Minnesota,287140,1063,1/29/2010,"MARSHALL BANK, NATIONAL ASSOCIATION",58566,55662,45.694454,-93.900192
N,"CARROLLTON, GA",Georgia,433727,203881,1/29/2010,FIRST NATIONAL BANK OF GEORGIA,840633,780196,33.040619,-83.643074
NM,"BAINBRIDGE ISLAND, WA",Washington,380990,28352,1/29/2010,AMERICAN MARINE BANK,329246,287443,47.400902,-121.490494
NM,"LOS ANGELES, CA",California,2036015,224134,1/29/2010,FIRST REGIONAL BANK,2082684,1664450,36.116203,-119.681564
N,"OCALA, FL",Florida,769061,93552,1/30/2009,OCALA NATIONAL BANK,219424,204663,27.994402,-81.760254
SB,"CROFTON, MD",Maryland,311342,73819,1/30/2009,SUBURBAN FEDERAL SAVINGS BANK,347408,301847,39.063946,-76.802101
NM,"SALT LAKE CITY, UT",Utah,121431,170125,1/30/2009,MAGNET BANK,300674,282578,40.150032,-111.862434
NM,"BOISE, ID",Idaho,62454,3487,1/31/2014,SYRINGA BANK,153361,145813,44.240459,-114.478828
SM,"ORLANDO, FL",Florida,772021,88904,1/7/2011,FIRST COMMERCIAL BANK OF FLORIDA,578638,537223,27.994402,-81.760254
NM,"SCOTTSDALE, AZ",Arizona,266102,32224,1/7/2011,LEGACY BANK,136446,119685,33.729759,-111.431221
NM,"BELLINGHAM, WA",Washington,380990,205488,1/8/2010,HORIZON BANK,1188956,1049063,47.400902,-121.490494
NM,"CRAWFORDVILLE, FL",Florida,775040,119933,10/1/2010,WAKULLA BANK,402205,367228,27.994402,-81.760254
NM,"SHORELINE, WA",Washington,380990,23478,10/1/2010,SHORELINE BANK,92980,90644,47.400902,-121.490494
NM,"ELDRED, IL",Illinois,706617,16618,10/10/2008,MERIDIAN BANK,38223,36090,40.349457,-88.986137
NM,"NORTHVILLE, MI",Michigan,420974,56318,10/10/2008,MAIN STREET BANK,112368,98934,43.326618,-84.536095
NM,"HONOLULU, HI",Hawaii,55891,400,10/13/2000,BANK OF HONOLULU,63890,59037,21.094318,-157.498337
NM,"ARGONIA, KS",Kansas,155515,280,10/13/2017,THE FARMERS AND MERCHANTS STATE BANK OF ARGONIA,33012,27466,38.5266,-96.726486
SI,"ASHEVILLE, NC",North Carolina,443289,44112,10/14/2011,"BLUE RIDGE SAVINGS BANK, INC.",161430,159628,35.630066,-79.806419
NM,"ALEDO, IL",Illinois,711283,69305,10/14/2011,COUNTRY BANK,195034,180835,40.349457,-88.986137
NM,"GRAY, GA",Georgia,441627,88194,10/14/2011,PIEDMONT COMMUNITY BANK,198993,178773,33.040619,-83.643074
NM,"CRANFORD, NJ",New Jersey,507604,45629,10/14/2011,FIRST STATE BANK,191852,188099,40.298904,-74.521011
SB,"OLATHE, KS",Kansas,135723,53100,10/15/2010,"SECURITY SAVINGS BANK, F.S.B.",453349,347080,38.5266,-96.726486
NM,"JEFFERSON CITY, MO",Missouri,270733,308803,10/15/2010,PREMIER BANK,989382,869367,38.456085,-92.288368
NM,"CHESTERFIELD, MO",Missouri,270733,22436,10/15/2010,WESTBRIDGE BANK AND TRUST COMPANY,87782,70131,38.456085,-92.288368
SM,"BAKERSFIELD, CA",California,1995440,79080,10/16/2009,SAN JOAQUIN BANK,766359,626359,36.116203,-119.681564
NM,"FORT WALTON BEACH, FL",Florida,950164,7247,10/16/2020,FIRST CITY BANK OF FLORIDA,136566,133936,27.994402,-81.760254
SM,"RISING SUN, MD",Maryland,339605,19837,10/17/2014,NBRS FINANCIAL BANK,155353,151559,39.063946,-76.802101
NM,"SEDALIA, MO",Missouri,271535,29582,10/19/2012,EXCEL BANK,186113,173670,38.456085,-92.288368
SB,"TAMARAC, FL",Florida,778545,12370,10/19/2012,FIRST EAST SIDE SAVINGS BANK,65686,64888,27.994402,-81.760254
NM,"DESTIN, FL",Florida,778545,40332,10/19/2012,GULFSOUTH PRIVATE BANK,139391,131579,27.994402,-81.760254
NM,"SPRING GROVE, MN",Minnesota,277494,18876,10/2/2009,JENNINGS STATE BANK,52347,50801,45.694454,-93.900192
SM,"WARREN, MI",Michigan,383140,217677,10/2/2009,WARREN BANK,504816,467767,43.326618,-84.536095
N,"PUEBLO, CO",Colorado,264966,8323,10/2/2009,SOUTHERN COLORADO NATIONAL BANK,37142,29568,39.059811,-105.311104
N,"LONGVIEW, WA",Washington,441952,995,10/2/2015,HOMETOWN NATIONAL BANK,3785,3705,47.400902,-121.490494
NM,"PEACHTREE CITY, GA",Georgia,489182,27760,10/2/2015,THE BANK OF GEORGIA,286102,264234,33.040619,-83.643074
SM,"GREENWOOD VILLAGE, CO",Colorado,271701,169247,10/21/2011,COMMUNITY BANKS OF COLORADO,1280964,1239630,39.059811,-105.311104
NM,"DECATUR, GA",Georgia,441627,24568,10/21/2011,DECATUR FIRST BANK,184750,172042,33.040619,-83.643074
NM,"JONESBORO, GA",Georgia,441627,64965,10/21/2011,COMMUNITY CAPITAL BANK,165291,157808,33.040619,-83.643074
NM,"CLEARWATER, FL",Florida,772021,26299,10/21/2011,OLD HARBOR BANK,209048,212184,27.994402,-81.760254
N,"BARNESVILLE, GA",Georgia,433727,46897,10/22/2010,THE FIRST NATIONAL BANK OF BARNESVILLE,126622,122880,33.040619,-83.643074
N,"MAYWOOD, IL",Illinois,698180,44303,10/22/2010,FIRST SUBURBAN NATIONAL BANK,143451,135475,40.349457,-88.986137
NM,"OVERLAND PARK, KS",Kansas,135723,275262,10/22/2010,HILLCREST BANK,1583611,1488785,38.5266,-96.726486
NM,"JACKSONVILLE, FL",Florida,775040,14277,10/22/2010,FIRST BANK OF JACKSONVILLE,73922,72198,27.994402,-81.760254
SM,"TAMPA, FL",Florida,775040,34562,10/22/2010,PROGRESS BANK OF FLORIDA,94823,86861,27.994402,-81.760254
SB,"SCOTTSDALE, AZ",Arizona,260307,26776,10/22/2010,"FIRST ARIZONA SAVINGS, A FSB",255920,190615,33.729759,-111.431221
NM,"GORDON, GA",Georgia,433727,10354,10/22/2010,THE GORDON BANK,29259,26867,33.040619,-83.643074
SM,"RACINE, WI",Wisconsin,258761,99463,10/23/2009,BANK OF ELMWOOD,327444,272782,44.268543,-89.616508
NM,"WESTMONT, IL",Illinois,688161,85319,10/23/2009,FIRST DUPAGE BANK,262093,253992,40.349457,-88.986137
N,"BRADENTON, FL",Florida,769061,62112,10/23/2009,FLAGSHIP NATIONAL BANK,177563,170118,27.994402,-81.760254
NM,"OSTEGO, MN",Minnesota,277494,23476,10/23/2009,RIVERVIEW COMMUNITY BANK,99057,75012,45.694454,-93.900192
NM,"LAWRENCEVILLE, GA",Georgia,428741,44018,10/23/2009,AMERICAN UNITED BANK,110094,102386,33.040619,-83.643074
SB,"NAPLES, FL",Florida,769061,31809,10/23/2009,PARTNERS BANK,65498,64798,27.994402,-81.760254
NM,"NAPLES, FL",Florida,769061,42976,10/23/2009,HILLCREST BANK FLORIDA,82774,83254,27.994402,-81.760254
NM,"ALMENA, KS",Kansas,158348,15965,10/23/2020,ALMENA STATE BANK,65733,64941,38.5266,-96.726486
NM,"ALPHARETTA, GA",Georgia,445765,211264,10/24/2008,ALPHA BANK & TRUST,354090,344231,33.040619,-83.643074
N,"CHICAGO, IL",Illinois,741194,57658,10/24/2014,THE NATIONAL REPUBLIC BANK OF CHICAGO,843118,809638,40.349457,-88.986137
NM,"LOUISA, KY",Kentucky,192972,4264,10/25/2019,LOUISA COMMUNITY BANK,28163,25174,37.66814,-84.670067
SB,"MAUMEE, OH",Ohio,613251,1571,10/25/2019,RESOLUTE BANK,23292,22885,40.388783,-82.764915
SI,"BERWYN, PA",Pennsylvania,647926,85600,10/26/2012,NOVA BANK,444710,395248,40.590752,-77.209755
NM,"DES PLAINES, IL",Illinois,711283,13753,10/28/2011,ALL AMERICAN BANK,34800,30542,40.349457,-88.986137
N,"CHICAGO, IL",Illinois,688161,7471,10/30/2009,PARK NATIONAL BANK,4680881,3716626,40.349457,-88.986137
NM,"HOUSTON, TX",Texas,1277295,12000,10/30/2009,NORTH HOUSTON BANK,325474,307166,31.054487,-97.563461
N,"SAN DIEGO, CA",California,1995440,40579,10/30/2009,SAN DIEGO NATIONAL BANK,3594544,2891576,36.116203,-119.681564
N,"TEAGUE, TX",Texas,1277295,5846,10/30/2009,CITIZENS NATIONAL BANK,118236,97590,31.054487,-97.563461
N,"SAN FRANCISCO, CA",California,1995440,62599,10/30/2009,PACIFIC NATIONAL BANK,2319263,1757986,36.116203,-119.681564
N,"PHOENIX, AZ",Arizona,257499,11741,10/30/2009,"BANK USA, NA",213205,170685,33.729759,-111.431221
NM,"MADISONVILLE, TX",Texas,1277295,0,10/30/2009,MADISONVILLE STATE BANK,256330,224653,31.054487,-97.563461
N,"LOS ANGELES, CA",California,1995440,186591,10/30/2009,CALIFORNIA NATIONAL BANK,7781100,6145207,36.116203,-119.681564
NM,"LEMONT, IL",Illinois,688161,25945,10/30/2009,COMMUNITY BANK OF LEMONT,81843,80688,40.349457,-88.986137
NM,"GRACEVILLE, FL",Florida,794842,5849,10/30/2013,BANK OF JACKSON COUNTY,24724,24591,27.994402,-81.760254
NM,"BRADENTON, FL",Florida,816070,113456,10/31/2008,FREEDOM BANK,270842,256793,27.994402,-81.760254
NM,"LAKEVIEW, OH",Ohio,546729,28394,10/4/2007,MIAMI VALLEY BANK,125362,119601,40.388783,-82.764915
NM,"WYOMING, MN",Minnesota,293783,71176,10/7/2011,THE RIVERBANK,419723,384120,45.694454,-93.900192
NM,"ELLINGTON, MO",Missouri,268534,93109,10/7/2011,SUN SECURITY BANK,351492,280649,38.456085,-92.288368
N,"NEWARK, NJ",New Jersey,559649,1161,11/1/2019,CITY NATIONAL BANK OF NEW JERSEY,120574,111234,40.298904,-74.521011
NM,"ROCKMART, GA",Georgia,441627,20301,11/10/2011,COMMUNITY BANK OF ROCKMART,62383,55906,33.040619,-83.643074
NM,"VIDALIA, GA",Georgia,433727,125908,11/12/2010,DARBY BANK & TRUST COMPANY,654714,587626,33.040619,-83.643074
NM,"SCOTTSDALE, AZ",Arizona,260307,52561,11/12/2010,COPPER STAR BANK,203955,190182,33.729759,-111.431221
NM,"TIFTON, GA",Georgia,433727,21383,11/12/2010,TIFTON BANKING COMPANY,143729,141573,33.040619,-83.643074
SM,"NAPLES, FL",Florida,769061,713129,11/13/2009,ORION BANK,2612515,2169446,27.994402,-81.760254
SB,"SARASOTA, FL",Florida,769061,306877,11/13/2009,"CENTURY BANK, A FEDERAL SAVINGS BANK",755923,659742,27.994402,-81.760254
N,"SAN CLEMENTE, CA",California,1995440,33470,11/13/2009,PACIFIC COAST NATIONAL BANK,131418,128867,36.116203,-119.681564
SI,"PHILADELPHIA, PA",Pennsylvania,568242,679,11/14/2003,PULASKI SAVINGS BANK,8487,9058,40.590752,-77.209755
NM,"BRASELTON, GA",Georgia,447765,39665,11/16/2012,HOMETOWN COMMUNITYBANK,124561,108931,33.040619,-83.643074
NM,"JOHNSTON, IA",Iowa,152435,16053,11/18/2011,POLK COUNTY BANK,91580,81967,42.011539,-93.210526
NM,"LACOMBE, LA",Louisiana,234976,48824,11/18/2011,CENTRAL PROGRESSIVE BANK,383132,347720,31.169546,-91.867805
SM,"BURLINGTON, WI",Wisconsin,266831,86457,11/19/2010,FIRST BANKING CENTER,750724,664752,44.268543,-89.616508
NM,"CARRABELLE, FL",Florida,775040,44443,11/19/2010,GULF STATE COMMUNITY BANK,112144,112193,27.994402,-81.760254
NM,"BALA CYNWYD, PA",Pennsylvania,627726,12652,11/19/2010,ALLEGIANCE BANK OF NORTH AMERICA,106595,91996,40.590752,-77.209755
N,"PRINCETON, IL",Illinois,726399,32458,11/2/2012,CITIZENS FIRST NATIONAL BANK,923959,869440,40.349457,-88.986137
NM,"LUTZ, FL",Florida,778545,73811,11/2/2012,HERITAGE BANK OF FLORIDA,225477,223309,27.994402,-81.760254
NM,"FORT MYERS, FL",Florida,769061,32236,11/20/2009,COMMERCE BANK OF SOUTHWEST FLORIDA,70997,72821,27.994402,-81.760254
NM,"LOGANVILLE, GA",Georgia,445765,335062,11/21/2008,THE COMMUNITY BANK,634901,603733,33.040619,-83.643074
SB,"POMONA, CA",California,2061639,258807,11/21/2008,PFF BANK & TRUST,3715433,2393845,36.116203,-119.681564
SL,"NEWPORT BEACH, CA",California,2061639,151232,11/21/2008,"DOWNEY SAVINGS AND LOAN ASSOCIATION, F.A.",12779371,9653169,36.116203,-119.681564
N,"LAS VEGAS, NV",Nevada,139954,,11/23/2008,"CITIBANK, NATIONAL ASSOCIATION",1207007000,230042000,38.313515,-117.055374
SB,"WILMINGTON, DE",Delaware,58656,,11/23/2008,"CITICORP TRUST BANK, FSB",19599414,7231013,39.318523,-75.507141
NM,"CENTURY CITY, CA",California,2061639,,11/23/2008,CITIBANK (BANAMEX USA),1322720,876086,36.116203,-119.681564
N,"SIOUX FALLS, SD",South Dakota,39081,,11/23/2008,"CITIBANK (SOUTH DAKOTA), N.A.",77737957,42356986,44.299782,-99.438828
N,"SIOUX FALLS, SD",South Dakota,39081,,11/23/2008,DEPARTMENT STORES NATIONAL BANK,374903,300881,44.299782,-99.438828
NM,"SAC CITY, IA",Iowa,,14804,11/3/2023,CITIZENS BANK,60448,52311,42.011539,-93.210526
NM,"OMAHA, NE",Nebraska,102587,10944,11/4/2011,"MID CITY BANK, INC.",106075,105461,41.12537,-98.268082
NM,"SAINT GEORGE, UT",Utah,127993,43575,11/4/2011,SUNFIRST BANK,198081,169135,40.150032,-111.862434
NM,"RANDALLSTOWN, MD",Maryland,325370,136420,11/5/2010,K BANK,538258,500056,39.063946,-76.802101
SM,"TACOMA, WA",Washington,380990,26754,11/5/2010,PIERCE COMMERCIAL BANK,221082,193473,47.400902,-121.490494
NM,"WESTMINSTER, CA",California,2036015,14264,11/5/2010,FIRST VIETNAMESE AMERICAN BANK,48000,47012,36.116203,-119.681564
NM,"WOODLAND HILLS, CA",California,2036015,16943,11/5/2010,WESTERN COMMERCIAL BANK,98635,101127,36.116203,-119.681564
NM,"ST LOUIS, MO",Missouri,266835,11648,11/6/2009,GATEWAY BANK OF ST LOUIS,26882,27534,38.456085,-92.288368
NM,"SPARTA, GA",Georgia,428741,60895,11/6/2009,UNITED SECURITY BANK,153639,149616,33.040619,-83.643074
SB,"DETROIT, MI",Michigan,383140,8612,11/6/2009,HOME FEDERAL SAVINGS BANK,12994,12730,43.326618,-84.536095
NM,"SAN FRANCISCO, CA",California,1995440,582128,11/6/2009,UNITED COMMERCIAL BANK,10895336,7653666,36.116203,-119.681564
NM,"OAKDALE, MN",Minnesota,277494,31685,11/6/2009,PROSPERAN BANK,197442,182794,45.694454,-93.900192
NM,"SAN DIEGO, CA",California,2061639,148255,11/7/2008,SECURITY PACIFIC BANK,527959,456472,36.116203,-119.681564
SI,"HOUSTON, TX",Texas,1282089,614111,11/7/2008,"FRANKLIN BANK, SSB",5089260,3692887,31.054487,-97.563461
SB,"PALM DESERT, CA",California,2256055,2905,11/7/2014,"FRONTIER BANK, FSB",80736,76344,36.116203,-119.681564
NM,"ALAMO, TN",Tennessee,240972,9316,11/8/2002,BANK OF ALAMO,58454,52157,35.747845,-86.692345
SM,"FARMINGTON HILLS, MI",Michigan,404217,68586,12/10/2010,PARAMOUNT BANK,252744,213550,43.326618,-84.536095
NM,"SOUTHAMPTON, PA",Pennsylvania,627726,22495,12/10/2010,EARTHSTAR BANK,112643,104505,40.590752,-77.209755
SM,"OVERLAND PARK, KS",Kansas,134227,93393,12/11/2009,SOLUTIONSBANK,511103,421271,38.5266,-96.726486
N,"MIAMI, FL",Florida,769061,77977,12/11/2009,"REPUBLIC FEDERAL BANK, N.A.",433011,352695,27.994402,-81.760254
N,"MESA, AZ",Arizona,257499,15047,12/11/2009,"VALLEY CAPITAL BANK, N.A.",40270,41312,33.729759,-111.431221
NM,"SANDERSON, TX",Texas,1282089,7710,12/12/2008,SANDERSON STATE BANK,38217,32012,31.054487,-97.563461
NM,"DULUTH, GA",Georgia,445765,246603,12/12/2008,HAVEN TRUST BANK,559551,489692,33.040619,-83.643074
N,"THE WOODLANDS, TX",Texas,1484700,14203,12/13/2013,"TEXAS COMMUNITY BANK, NATIONAL ASSOCIATION",159257,142640,31.054487,-97.563461
N,"METROPOLIS, IL",Illinois,640723,2670,12/14/2000,NATIONAL STATE BANK OF METROPOLIS,90397,71277,40.349457,-88.986137
NM,"SUNRISE, MO",Missouri,271535,13419,12/14/2012,COMMUNITY BANK OF THE OZARKS,42816,41881,38.456085,-92.288368
SB,"CHICAGO, IL",Illinois,753027,75753,12/15/2017,WASHINGTON FEDERAL BANK FOR SAVINGS,166345,143964,40.349457,-88.986137
N,"PHOENIX, AZ",Arizona,266102,41735,12/16/2011,WESTERN NATIONAL BANK,162872,144491,33.729759,-111.431221
NM,"CRESTVIEW, FL",Florida,772021,25065,12/16/2011,PREMIER COMMUNITY BANK OF THE EMERALD COAST,125976,112050,27.994402,-81.760254
NM,"CHENEYVILLE, LA",Louisiana,213079,12205,12/17/2002,THE FARMERS BANK & TRUST OF CHENEYVILLE,35317,32103,31.169546,-91.867805
N,"CORAL GABLES, FL",Florida,775040,29054,12/17/2010,THE BANK OF MIAMI,448150,374218,27.994402,-81.760254
N,"LINO LAKES, MN",Minnesota,287140,5827,12/17/2010,COMMUNITY NATIONAL BANK,31569,28844,45.694454,-93.900192
NM,"DAWSONVILLE, GA",Georgia,433727,83075,12/17/2010,CHESTATEE STATE BANK,244376,240476,33.040619,-83.643074
N,"ATLANTA, GA",Georgia,433727,96415,12/17/2010,UNITED AMERICAS BANK,242339,193803,33.040619,-83.643074
NM,"BATESVILLE, AR",Arkansas,105662,24771,12/17/2010,FIRST SOUTHERN BANK,191764,155803,34.969704,-92.373123
SB,"MCCAYSVILLE, GA",Georgia,433727,28452,12/17/2010,"APPALACIAN COMMUNITY BANK, F.S.B.",68201,76360,33.040619,-83.643074
NM,"NEW BALTIMORE, MI",Michigan,383140,68417,12/18/2009,CITIZENS STATE BANK,168551,157149,43.326618,-84.536095
NM,"LA JOLLA, CA",California,1995440,271351,12/18/2009,IMPERIAL CAPITAL BANK,4046888,2822300,36.116203,-119.681564
SM,"SPRINGFIELD, IL",Illinois,688161,0,12/18/2009,INDEPENDENT BANKERS' BANK,585508,511473,40.349457,-88.986137
SB,"SANTA MONICA, CA",California,1995440,0,12/18/2009,"FIRST FEDERAL BANK OF CALIFORNIA,  A FEDERAL SAVINGS BANK",6143903,4538607,36.116203,-119.681564
SB,"PANAMA CITY, FL",Florida,769061,597058,12/18/2009,PEOPLES FIRST COMMUNITY BANK,1795420,1684443,27.994402,-81.760254
SB,"IRONDALE, AL",Alabama,180707,311641,12/18/2009,NEW SOUTH FEDERAL SAVINGS BANK,1464127,1163916,32.806671,-86.79113
NM,"ATLANTA, GA",Georgia,428741,98936,12/18/2009,ROCKBRIDGE COMMERCIAL BANK,294024,291707,33.040619,-83.643074
NM,"MANKATO, MN",Minnesota,314091,3946,12/19/2014,NORTHERN STAR BANK,18794,18221,45.694454,-93.900192
NM,"AURORA, IL",Illinois,688161,79321,12/4/2009,BENCHMARK BANK,173062,182760,40.349457,-88.986137
NM,"REIDSVILLE, GA",Georgia,428741,14705,12/4/2009,THE TATNALL BANK,49612,47100,33.040619,-83.643074
N,"NORCROSS, GA",Georgia,428741,34282,12/4/2009,FIRST SECURITY NATIONAL BANK,127455,121645,33.040619,-83.643074
SB,"CLEVELAND, OH",Ohio,511077,1697799,12/4/2009,AMTRUST BANK,11438990,8558609,40.388783,-82.764915
SB,"RESTON, VA",Virginia,427649,26610,12/4/2009,GREATER ATLANTIC BANK,203262,179248,37.769337,-78.169968
NM,"ATLANTA, GA",Georgia,428741,310552,12/4/2009,THE BUCKHEAD COMMUNITY BANK,856236,813668,33.040619,-83.643074
SM,"JACKSON, GA",Georgia,445765,86315,12/5/2008,FIRST GEORGIA COMMUNITY BANK,256371,215287,33.040619,-83.643074
SM,"OAKWOOD, OH",Ohio,513216,63600,2/1/2002,OAKWOOD DEPOSIT BANK,72267,60168,40.388783,-82.764915
N,"HOFFMAN ESTATES, IL",Illinois,726399,18454,2/10/2012,CHARTER NATIONAL BANK AND TRUST,93894,89485,40.349457,-88.986137
SB,"SHELBYVILLE, IN",Indiana,300514,38269,2/10/2012,SCB BANK,182561,171365,39.849426,-86.258278
NM,"CASSVILLE, WI",Wisconsin,272813,19454,2/11/2011,BADGER STATE BANK,83828,78549,44.268543,-89.616508
NM,"HAMTRAMCK, MI",Michigan,414834,103057,2/11/2011,PEOPLES STATE BANK,390524,389868,43.326618,-84.536095
N,"PALM SPRINGS, CA",California,2063828,15617,2/11/2011,CANYON NATIONAL BANK,210859,205285,36.116203,-119.681564
NM,"PORT ORANGE, FL",Florida,772021,32294,2/11/2011,SUNSHINE STATE COMMUNITY BANK,125531,116715,27.994402,-81.760254
NM,"LOUP CITY, NE",Nebraska,93978,42684,2/13/2009,SHERMAN COUNTY BANK,135431,90647,41.12537,-98.268082
NM,"PITTSFIELD, IL",Illinois,688161,80894,2/13/2009,CORN BELT BANK AND TRUST COMPANY,260201,233788,40.349457,-88.986137
SM,"CAPE CORAL, FL",Florida,769061,199818,2/13/2009,RIVERSIDE BANK OF THE GULF COAST,523673,422708,27.994402,-81.760254
NM,"BEAVERTON, OR",Oregon,165527,10218,2/13/2009,PINNACLE BANK,71921,64168,44.572021,-122.070938
NM,"ATLANTA, GA",Georgia,489182,95942,2/13/2015,CAPITOL CITY BANK & TRUST COMPANY,272311,262652,33.040619,-83.643074
SB,"NEWARK, NJ",New Jersey,498245,0,2/14/2004,DOLLAR SAVINGS BANK,13408,10909,40.298904,-74.521011
NM,"ERICSON, NE",Nebraska,118142,23992,2/14/2020,ERICSON STATE BANK,100879,95159,41.12537,-98.268082
NM,"CHICAGO, IL",Illinois,726125,19576,2/15/2013,COVENANT BANK,58422,54202,40.349457,-88.986137
NM,"CLARKESVILLE, GA",Georgia,441627,119370,2/18/2011,HABERSHAM BANK,387681,339934,33.040619,-83.643074
NM,"SPRINGFIELD, GA",Georgia,441627,48229,2/18/2011,CITIZENS BANK OF EFFINGHAM,214275,206490,33.040619,-83.643074
SB,"SAN LUIS OBISPO, CA",California,2063828,72906,2/18/2011,"SAN LUIS TRUST BANK, FSB",332596,272216,36.116203,-119.681564
NM,"NAPA, CA",California,2063828,20076,2/18/2011,CHARTER OAK BANK,120833,105309,36.116203,-119.681564
N,"LA COSTE, TX",Texas,1309962,5709,2/19/2010,THE LA COSTE NATIONAL BANK,53936,49275,31.054487,-97.563461
SI,"ORLAND PARK, IL",Illinois,698180,118852,2/19/2010,GEORGE WASHINGTON SAVINGS BANK,413673,395310,40.349457,-88.986137
SB,"LA JOLLA, CA",California,2036015,560147,2/19/2010,"LA JOLLA BANK, FSB",3646071,2799362,36.116203,-119.681564
SM,"MARCO ISLAND, FL",Florida,775040,25614,2/19/2010,MARCO COMMUNITY BANK,119578,117097,27.994402,-81.760254
NM,"MANCHESTER, NH",New Hampshire,57633,817,2/2/2001,FIRST ALLIANCE BANK AND TRUST CO,17438,16931,43.452492,-71.563896
SI,"PITTSBURGH, PA",Pennsylvania,617310,9438,2/2/2007,METROPOLITAN SAVINGS BANK,15760,14540,40.590752,-77.209755
NM,"SILVERTON, OR",Oregon,165527,39465,2/20/2009,SILVER FALLS BANK,134206,115976,44.572021,-122.070938
NM,"ELLAVILLE, GA",Georgia,447765,51763,2/24/2012,CENTRAL BANK OF GEORGIA,278860,266589,33.040619,-83.643074
SB,"LITTLE FALLS, MN",Minnesota,298328,43037,2/24/2012,HOME SAVINGS OF AMERICA,434111,432223,45.694454,-93.900192
NM,"ST. CHARLES, IL",Illinois,711283,28270,2/25/2011,VALLEY COMMUNITY BANK,123774,124179,40.349457,-88.986137
SI,"TACOMA, WA",Washington,380990,2752,2/26/2010,RAINIER PACIFIC BANK,717806,446192,47.400902,-121.490494
NM,"CARSON CITY, NV",Nevada,129828,14451,2/26/2010,CARSON RIVER COMMUNITY BANK,51095,50024,38.313515,-117.055374
NM,"GLENWOOD, IL",Illinois,688161,48231,2/27/2009,HERITAGE COMMUNITY BANK,235154,225735,40.349457,-88.986137
NM,"HENDERSON, NV",Nevada,128241,32328,2/27/2009,SECURITY SAVINGS BANK,238307,174872,38.313515,-117.055374
N,"STERLING, VA",Virginia,447678,10940,2/28/2014,"MILLENNIUM BANK, NATIONAL ASSOCIATION",130305,121704,37.769337,-78.169968
NM,"HORSHAM, PA",Pennsylvania,669643,8956,2/28/2014,VANTAGE POINT BANK,63453,62472,40.590752,-77.209755
NM,"WATKINSVILLE, GA",Georgia,441627,48161,2/4/2011,NORTH GEORGIA BANK,153172,139672,33.040619,-83.643074
NM,"ROSWELL, GA",Georgia,441627,69323,2/4/2011,AMERICAN TRUST BANK,238205,222161,33.040619,-83.643074
SM,"CHICAGO, IL",Illinois,711283,10213,2/4/2011,COMMUNITY FIRST BANK - CHICAGO,51083,49504,40.349457,-88.986137
NM,"HANCOCK, MN",Minnesota,287140,4521,2/5/2010,1ST AMERICAN STATE BANK OF MINNESOTA,18155,16327,45.694454,-93.900192
SM,"MERCED, CA",California,1995440,61783,2/6/2009,COUNTY BANK,1711552,1324635,36.116203,-119.681564
NM,"CULVER CITY, CA",California,1995440,118079,2/6/2009,ALLIANCE BANK,1113361,951106,36.116203,-119.681564
NM,"MCDONOUGH, GA",Georgia,428741,151333,2/6/2009,FIRSTBANK FINANCIAL SERVICES,317237,279308,33.040619,-83.643074
N,"PHOENIX, AZ",Arizona,220697,164047,2/7/2002,NEXTBANK,700180,551297,33.729759,-111.431221
NM,"TORRANCE, CA",California,1789999,49179,2/7/2003,SOUTHERN PACIFIC BANK,904294,864160,36.116203,-119.681564
N,"BOCA RATON, FL",Florida,689974,0,3/1/2002,NET FIRST NATIONAL BANK,37207,31601,27.994402,-81.760254
SB,"ATLANTA, GA",Georgia,389727,1322,3/10/2000,MUTUAL FEDERAL SAVINGS BANK OF ATLANTA,31479,32234,33.040619,-83.643074
NM,"NEW YORK, NY",New York,1277467,18407,3/11/2010,LIBERTYPOINTE BANK,216500,209477,42.165726,-74.948051
N,"DAVIS, OK",Oklahoma,166327,29846,3/11/2011,THE FIRST NATIONAL BANK OF DAVIS,90183,68331,35.565342,-96.928917
SM,"MILWAUKEE, WI",Wisconsin,272813,73718,3/11/2011,LEGACY BANK,190418,183309,44.268543,-89.616508
NM,"MILWAUKEE, WI",Wisconsin,291920,11773,3/11/2016,NORTH MILWAUKEE STATE BANK,67115,61493,44.268543,-89.616508
N,"TALLAHASSEE, FL",Florida,769141,0,3/12/2004,GUARANTY NATIONAL BANK,71280,65614,27.994402,-81.760254
NM,"NEW YORK, NY",New York,1277467,76368,3/12/2010,THE PARK AVENUE BANK,520146,494505,42.165726,-74.948051
NM,"COVINGTON, LA",Louisiana,246836,26124,3/12/2010,STATEWIDE BANK,243215,207821,31.169546,-91.867805
SM,"ORLANDO, FL",Florida,775040,76501,3/12/2010,OLD SOUTHERN BANK,336390,319746,27.994402,-81.760254
NM,"NEW YORK, NY",New York,,1825021,3/12/2023,SIGNATURE BANK,110363650,88612911,42.165726,-74.948051
NM,"WHITE PLAINS, NY",New York,1144125,919,3/19/2004,RELIANCE BANK,28637,27881,42.165726,-74.948051
NM,"AURORA, MN",Minnesota,287140,7026,3/19/2010,STATE BANK OF AURORA,28159,27801,45.694454,-93.900192
NM,"HIAWASSEE, GA",Georgia,433727,107263,3/19/2010,BANK OF HIAWASSEE,377779,339597,33.040619,-83.643074
N,"PARMA, OH",Ohio,523979,14960,3/19/2010,AMERICAN NATIONAL BANK,70318,66752,40.388783,-82.764915
NM,"FORT DEPOSIT, AL",Alabama,184702,11725,3/19/2010,FIRST LOWNDES BANK,137175,131117,32.806671,-86.79113
NM,"DRAPER, UT",Utah,123902,521525,3/19/2010,ADVANTA BANK CORP.,1525931,1519471,40.150032,-111.862434
NM,"ELLIJAY, GA",Georgia,433727,456455,3/19/2010,APPALACHIAN COMMUNITY BANK,1010075,917575,33.040619,-83.643074
NM,"DULUTH, GA",Georgia,433727,37707,3/19/2010,CENTURY SECURITY BANK,96535,93967,33.040619,-83.643074
NM,"DORAVILLE, GA",Georgia,447765,40289,3/2/2012,GLOBAL COMMERCE BANK,143678,116813,33.040619,-83.643074
N,"PAOLA, KS",Kansas,134227,134593,3/20/2009,"TEAMBANK, N.A.",669830,532520,38.5266,-96.726486
NM,"STOCKBRIDGE, GA",Georgia,428741,135210,3/20/2009,FIRSTCITY BANK,285015,259056,33.040619,-83.643074
N,"COLORADO SPRINGS, CO",Colorado,264966,12687,3/20/2009,COLORADO NATIONAL BANK,123508,85150,39.059811,-105.311104
NM,"WILMETTE, IL",Illinois,726399,69338,3/23/2012,PREMIER BANK,268703,198953,40.349457,-88.986137
NM,"ROCK SPRING, GA",Georgia,447765,30279,3/23/2012,CONVENANT BANK & TRUST,95725,90632,33.040619,-83.643074
NM,"WOOD DALE, IL",Illinois,711283,44142,3/25/2011,THE BANK OF COMMERCE,163074,161379,40.349457,-88.986137
N,"CARTERSVILLE, GA",Georgia,433727,73589,3/26/2010,UNITY NATIONAL BANK,300590,264286,33.040619,-83.643074
SB,"KEY WEST, FL",Florida,775040,16210,3/26/2010,KEY WEST BANK,88031,67662,27.994402,-81.760254
NM,"PHOENIX, AZ",Arizona,260307,108862,3/26/2010,DESERT HILLS BANK,496552,426473,33.729759,-111.431221
NM,"CARROLLTON, GA",Georgia,433727,164026,3/26/2010,MCINTOSH COMMERCIAL BANK,363405,343339,33.040619,-83.643074
N,"ATLANTA, GA",Georgia,428741,288566,3/27/2009,OMNI NATIONAL BANK,979585,813205,33.040619,-83.643074
SM,"SHELBY TOWNSHIP, MI",Michigan,436802,4440,3/28/2002,NEW CENTURY BANK,21091,18902,43.326618,-84.536095
NM,"COTTONWOOD HEIGHTS, UT",Utah,154758,9883,3/3/2017,PROFICIO BANK,68208,65042,40.150032,-111.862434
NM,"DEARBORN, MI",Michigan,422691,97229,3/30/2012,FIDELITY BANK,818237,747640,43.326618,-84.536095
SM,"NORMAL, IL",Illinois,698180,18737,3/5/2010,BANK OF ILLINOIS,211711,198487,40.349457,-88.986137
SM,"BOCA RATON, FL",Florida,775040,122301,3/5/2010,SUN AMERICAN BANK,535724,443481,27.994402,-81.760254
NM,"OGDEN, UT",Utah,123902,70617,3/5/2010,CENTENNIAL BANK,212839,205076,40.150032,-111.862434
SB,"GERMANTOWN, MD",Maryland,325370,11322,3/5/2010,WATERFIELD BANK,155566,156188,39.063946,-76.802101
NM,"COMMERCE, GA",Georgia,428741,43267,3/6/2009,FREEDOM BANK OF GEORGIA,172454,159048,33.040619,-83.643074
NM,"HUME, MO",Missouri,273436,3755,3/7/2008,HUME BANK,18682,13566,38.456085,-92.288368
SM,"SANTA CLARA, CA",California,,21818659,3/7/2023,SILICON VALLEY BANK,209026000,175378000,36.116203,-119.681564
NM,"LAGRANGE, GA",Georgia,454909,73446,3/8/2013,FRONTIER BANK,258840,224108,33.040619,-83.643074
NM,"CHICAGO, IL",Illinois,726399,13358,3/9/2012,NEW CITY BANK,71202,72399,40.349457,-88.986137
NM,"WILMINGTON, NC",North Carolina,431955,118565,4/10/2009,CAPE FEAR BANK,492418,402820,35.630066,-79.806419
NM,"GREELEY, CO",Colorado,264966,913432,4/10/2009,NEW FRONTIER BANK,1774588,1496347,39.059811,-105.311104
NM,"CARTHAGE, MS",Mississippi,98516,37841,4/15/2011,HERITAGE BANKING GROUP,228328,205035,32.741646,-89.678696
SB,"BIRMINGHAM, AL",Alabama,187606,285638,4/15/2011,SUPERIOR BANK,2977290,2736201,32.806671,-86.79113
NM,"BIRMINGHAM, AL",Alabama,187606,182002,4/15/2011,NEXITY BANK,757574,611681,32.806671,-86.79113
NM,"CARTERSVILLE, GA",Georgia,441627,83037,4/15/2011,BARTOW COUNTY BANK,314019,290005,33.040619,-83.643074
N,"ROSEMOUNT, MN",Minnesota,293783,5398,4/15/2011,ROSEMOUNT NATIONAL BANK,21454,20980,45.694454,-93.900192
NM,"EAST ELLIJAY, GA",Georgia,441627,34708,4/15/2011,NEW HORIZONS BANK,103055,99022,33.040619,-83.643074
NM,"LYNNWOOD, WA",Washington,380990,154993,4/16/2010,CITY BANK,981913,919606,47.400902,-121.490494
NM,"OAKLAND, CA",California,2036015,22715,4/16/2010,INNOVATIVE BANK,266816,223164,36.116203,-119.681564
N,"FORT PIERCE, FL",Florida,775040,0,4/16/2010,RIVERSIDE NATIONAL BANK OF FLORIDA,3393818,2724475,27.994402,-81.760254
SI,"LOWELL, MA",Massachusetts,425793,18261,4/16/2010,BUTLER BANK,245534,227420,42.230171,-71.530106
SB,"PALATKA, FL",Florida,775040,11969,4/16/2010,FIRST FEDERAL BANK OF NORTH FLORIDA,440122,369617,27.994402,-81.760254
NM,"SAN RAFAEL, CA",California,2036015,0,4/16/2010,TAMALPAIS BANK,611504,457206,36.116203,-119.681564
NM,"STERLING HEIGHTS, MI",Michigan,404217,20977,4/16/2010,LAKESIDE COMMUNITY BANK,49173,48622,43.326618,-84.536095
NM,"CLERMONT, FL",Florida,775040,16404,4/16/2010,AMERICANFIRST BANK,104034,100070,27.994402,-81.760254
SB,"SUGAR CREEK, MO",Missouri,266835,44669,4/17/2009,AMERICAN STERLING BANK,166456,170946,38.456085,-92.288368
NM,"ELKO, NV",Nevada,128241,20023,4/17/2009,GREAT BASIN BANK OF NEVADA,238940,220834,38.313515,-117.055374
NM,"ORANGE PARK, FL",Florida,794842,25231,4/19/2013,HERITAGE BANK OF NORTH FLORIDA,103960,106348,27.994402,-81.760254
SB,"LEXINGTON, KY",Kentucky,181506,7767,4/19/2013,FIRST FEDERAL BANK,92982,87196,37.66814,-84.670067
NM,"MARIANNA, FL",Florida,794842,7920,4/19/2013,CHIPOLA COMMUNITY BANK,37471,37067,27.994402,-81.760254
SB,"FORT LEE, NJ",New Jersey,517196,11925,4/20/2012,"FORT LEE FEDERAL SAVINGS BANK, FSB",48861,47786,40.298904,-74.521011
N,"ROCKFORD, IL",Illinois,698180,15808,4/23/2010,"AMCORE BANK, NATIONAL ASSOCIATION",3066240,2743485,40.349457,-88.986137
NM,"PEOTONE, IL",Illinois,698180,45596,4/23/2010,PEOTONE BANK AND TRUST COMPANY,130165,124676,40.349457,-88.986137
NM,"CHICAGO, IL",Illinois,698180,377438,4/23/2010,BROADWAY BANK,1059194,1023421,40.349457,-88.986137
SI,"CHICAGO, IL",Illinois,698180,38088,4/23/2010,LINCOLN PARK SAVINGS BANK,194618,162627,40.349457,-88.986137
NM,"CHICAGO, IL",Illinois,698180,41327,4/23/2010,CITIZENS BANK & TRUST COMPANY OF CHICAGO,73490,72772,40.349457,-88.986137
NM,"CHICAGO, IL",Illinois,698180,132056,4/23/2010,NEW CENTURY BANK,447239,438999,40.349457,-88.986137
NM,"NAPERVILLE, IL",Illinois,698180,189658,4/23/2010,WHEATLAND BANK,441694,448917,40.349457,-88.986137
NM,"CALABASAS, CA",California,1995440,8556,4/24/2009,FIRST BANK OF BEVERLY HILLS,1260354,866492,36.116203,-119.681564
SM,"FARMINGTON HILLS, MI",Michigan,383140,48551,4/24/2009,MICHIGAN HERITAGE BANK,167710,149065,43.326618,-84.536095
SB,"KETCHUM, ID",Idaho,57328,109230,4/24/2009,"FIRST BANK OF IDAHO, FSB",490656,370580,44.240459,-114.478828
NM,"KENNESAW, GA",Georgia,428741,32820,4/24/2009,AMERICAN SOUTHERN BANK,105950,105940,33.040619,-83.643074
NM,"FAIRFAX, SC",South Carolina,185987,22149,4/25/2014,ALLENDALE COUNTY BANK,49498,49356,33.856892,-80.945007
NM,"DOUGLASVILLE, GA",Georgia,454909,89606,4/26/2013,DOUGLAS COUNTY BANK,317288,315326,33.040619,-83.643074
NM,"LENOIR, NC",North Carolina,452056,16490,4/26/2013,PARKWAY BANK,109642,104709,35.630066,-79.806419
N,"PALM DESERT, CA",California,2113096,26331,4/27/2012,PALM DESERT NATIONAL BANK,129253,129023,36.116203,-119.681564
SM,"CAMBRIDGE, MD",Maryland,332524,57856,4/27/2012,BANK OF THE EASTERN SHORE,162460,150951,39.063946,-76.802101
SB,"MAPLE GROVE, MN",Minnesota,298328,79681,4/27/2012,"INTER SAVINGS BANK, FSB D/B/A/ INTERBANK, FSB",463840,458053,45.694454,-93.900192
SB,"PAWLEYS ISLAND, SC",South Carolina,177618,83230,4/27/2012,PLANTATION FEDERAL BANK,433512,415943,33.856892,-80.945007
NM,"GAITHERSBURG, MD",Maryland,332524,26694,4/27/2012,HARVEST BANK OF MARYLAND,163019,145534,39.063946,-76.802101
NM,"NEW ORLEANS, LA",Louisiana,233352,787005,4/28/2017,FIRST NBC BANK,3325870,3032208,31.169546,-91.867805
SM,"VALDOSTA, GA",Georgia,441627,212045,4/29/2011,THE PARK AVENUE BANK,849409,724483,33.040619,-83.643074
N,"WINTER PARK, FL",Florida,772021,42899,4/29/2011,FIRST NATIONAL BANK OF CENTRAL FLORIDA,342079,308784,27.994402,-81.760254
NM,"MOUNT CLEMENS, MI",Michigan,414834,98636,4/29/2011,COMMUNITY CENTRAL BANK,451683,371494,43.326618,-84.536095
NM,"BROOKSVILLE, FL",Florida,772021,17194,4/29/2011,CORTEZ COMMUNITY  BANK,66282,65439,27.994402,-81.760254
NM,"DALLAS, GA",Georgia,441627,105180,4/29/2011,FIRST CHOICE COMMUNITY BANK,291196,294769,33.040619,-83.643074
NM,"MEMPHIS, TN",Tennessee,310143,10372,4/29/2016,TRUST COMPANY BANK,18998,20148,35.747845,-86.692345
NM,"BARBOURSVILLE, WV",West Virginia,70444,43807,4/3/2020,THE FIRST STATE BANK,151808,143102,38.491226,-80.95457
N,"BUTLER, MO",Missouri,270733,8620,4/30/2010,BC NATIONAL BANKS,52204,43635,38.456085,-92.288368
NM,"EVERETT, WA",Washington,380990,453920,4/30/2010,FRONTIER BANK,3250734,2846886,47.400902,-121.490494
SI,"PORT HURON, MI",Michigan,404217,340615,4/30/2010,CF BANCORP,1599122,1418445,43.326618,-84.536095
NM,"CREVE COEUR, MO",Missouri,270733,57091,4/30/2010,CHAMPION BANK,195510,162816,38.456085,-92.288368
SM,"GOLD CANYON, AZ",Arizona,273482,8263,4/5/2013,GOLD CANYON BANK,42125,41728,33.729759,-111.431221
N,"WESTERN SPRINGS, IL",Illinois,711283,38047,4/8/2011,WESTERN SPRINGS NATIONAL BANK AND TRUST,186677,182441,40.349457,-88.986137
NM,"LAS VEGAS, NV",Nevada,130698,38492,4/8/2011,NEVADA COMMERCE BANK,135064,128573,38.313515,-117.055374
N,"MYRTLE BEACH, SC",South Carolina,172131,164585,4/9/2010,BEACH FIRST NATIONAL BANK,590024,521138,33.856892,-80.945007
N,"ATLANTA, GA",Georgia,428741,643778,5/1/2009,"SILVERTON BANK, NATIONAL ASSOCIATION",4157246,3314928,33.040619,-83.643074
NM,"LAYTON, UT",Utah,121431,114374,5/1/2009,AMERICA WEST BANK,281564,286040,40.150032,-111.862434
NM,"RIDGEWOOD, NJ",New Jersey,506851,18187,5/1/2009,CITIZENS COMMUNITY BANK,40657,40664,40.298904,-74.521011
NM,"SAN FRANCISCO, CA",California,,16657086,5/1/2023,FIRST REPUBLIC BANK,212638872,176436706,36.116203,-119.681564
NM,"VALDOSTA, GA",Georgia,454909,16002,5/10/2013,SUNRISE BANK,60793,57775,33.040619,-83.643074
NM,"ASHEVILLE, NC",North Carolina,452056,7943,5/10/2013,PISGAH COMMUNITY BANK,21880,21246,35.630066,-79.806419
SM,"ELMWOOD PARK, IL",Illinois,698180,0,5/14/2010,MIDWEST BANK AND TRUST COMPANY,3172915,2420738,40.349457,-88.986137
NM,"SPRINGFIELD, MO",Missouri,270733,25580,5/14/2010,SOUTHWEST COMMUNITY BANK,100659,102463,38.456085,-92.288368
NM,"SAINT MARYS, GA",Georgia,433727,36321,5/14/2010,SATILLA COMMUNITY BANK,135688,134005,33.040619,-83.643074
NM,"PLYMOUTH, MI",Michigan,404217,23558,5/14/2010,NEW LIBERTY BANK,111239,101884,43.326618,-84.536095
NM,"SCOTTSDALE, AZ",Arizona,273482,5425,5/14/2013,CENTRAL ARIZONA BANK,31550,30822,33.729759,-111.431221
NM,"BERWYN, IL",Illinois,741194,21715,5/16/2014,AZTECAMERICA BANK,66309,65031,40.349457,-88.986137
N,"SYLACAUGA, AL",Alabama,189246,10672,5/18/2012,"ALABAMA TRUST BANK, NATIONAL ASSOCIATION",51553,45149,32.806671,-86.79113
NM,"BURLINGTON, WA",Washington,387745,24195,5/20/2011,SUMMIT BANK,142729,131631,47.400902,-121.490494
NM,"MACON, GA",Georgia,441627,280971,5/20/2011,ATLANTIC SOUTHERN BANK,741855,707643,33.040619,-83.643074
NM,"FRANKLIN, GA",Georgia,441627,134595,5/20/2011,FIRST GEORGIA BANKING COMPANY,730981,702231,33.040619,-83.643074
SB,"CORAL GABLES, FL",Florida,769061,5228684,5/21/2009,"BANKUNITED, FSB",13111463,8775985,27.994402,-81.760254
NM,"ST. PAUL, MN",Minnesota,287140,8410,5/21/2010,PINEHURST BANK,61215,58288,45.694454,-93.900192
N,"MACOMB, IL",Illinois,688161,30883,5/22/2009,CITIZENS NATIONAL BANK,438560,393635,40.349457,-88.986137
NM,"CHAMPAIGN, IL",Illinois,688161,92681,5/22/2009,STRATEGIC CAPITAL BANK,546576,479384,40.349457,-88.986137
SI,"CINCINNATI, OH",Ohio,574178,7224,5/23/2014,COLUMBIA SAVINGS BANK,36484,29538,40.388783,-82.764915
SM,"SAINT ELMO, IL",Illinois,753027,8088,5/26/2017,FAYETTE COUNTY BANK,34370,33972,40.349457,-88.986137
NM,"SNOHOMISH, WA",Washington,387745,33596,5/27/2011,FIRST HERITAGE BANK,173478,163303,47.400902,-121.490494
NM,"LAS VEGAS, NV",Nevada,129828,115960,5/28/2010,SUN WEST BANK,360662,353943,38.313515,-117.055374
NM,"NAPLES, FL",Florida,775040,87638,5/28/2010,BANK OF FLORIDA - SOUTHWEST,640894,559897,27.994402,-81.760254
N,"GRANITE BAY, CA",California,2036015,13175,5/28/2010,"GRANITE COMMUNITY BANK, NATIONAL ASSOCIATION",102913,94252,36.116203,-119.681564
NM,"FORT LAUDERDALE, FL",Florida,775040,60470,5/28/2010,BANK OF FLORIDA - SOUTHEAST,595318,531752,27.994402,-81.760254
NM,"TAMPA BAY, FL",Florida,775040,30582,5/28/2010,BANK OF FLORIDA - TAMPA BAY,240513,224024,27.994402,-81.760254
N,"MALTA, OH",Ohio,502968,769,5/3/2001,MALTA NATIONAL BANK,9075,8728,40.388783,-82.764915
N,"STAPLES, MN",Minnesota,288421,10305,5/30/2008,"FIRST INTEGRITY BANK, N.A.",52916,50178,45.694454,-93.900192
SB,"BEL AIR, MD",Maryland,339605,10954,5/30/2014,SLAVIE FEDERAL SAVINGS BANK,140063,111142,39.063946,-76.802101
NM,"KENOSHA, WI",Wisconsin,278015,22473,5/31/2013,BANKS OF WISCONSIN,134024,127590,44.268543,-89.616508
NM,"COOPER, TX",Texas,1779781,18263,5/31/2019,ENLOE STATE BANK,36738,31254,31.054487,-97.563461
N,"NORTH LAUDERDALE, FL",Florida,778545,15098,5/4/2012,"SECURITY BANK, NATIONAL ASSOCIATION",101026,99067,27.994402,-81.760254
SB,"MILWAUKEE, WI",Wisconsin,291923,131962,5/5/2017,GUARANTY BANK,1031900,1002026,44.268543,-89.616508
SB,"COCOA BEACH, FL",Florida,772021,18527,5/6/2011,COASTAL BANK,129429,123950,27.994402,-81.760254
NM,"KING OF PRUSSIA, PA",Pennsylvania,688359,10825,5/6/2016,FIRST CORNERSTONE BANK,103307,101040,40.590752,-77.209755
NM,"BONIFAY, FL",Florida,775040,65887,5/7/2010,THE BANK OF BONIFAY,242871,230190,27.994402,-81.760254
NM,"CHAMPLIN, MN",Minnesota,287140,7916,5/7/2010,ACCESS BANK,31996,31969,45.694454,-93.900192
SM,"SAN DIEGO, CA",California,2036015,6342,5/7/2010,1st PACIFIC BANK OF CALIFORNIA,335798,291173,36.116203,-119.681564
NM,"MESA, AZ",Arizona,260307,44322,5/7/2010,TOWNE BANK OF ARIZONA,120246,113243,33.729759,-111.431221
NM,"BREMERTON, WA",Washington,370137,81050,5/8/2009,WESTSOUND BANK,334608,304464,47.400902,-121.490494
NM,"CHICAGO, IL",Illinois,751755,20647,5/8/2015,EDGEBROOK BANK,90034,90007,40.349457,-88.986137
N,"BLANCHARDVILLE, WI",Wisconsin,247766,12788,5/9/2003,THE FIRST NATIONAL BANK OF BLANCHARDVILLE,34536,28760,44.268543,-89.616508
N,"BENTONVILLE, AR",Arkansas,106537,1025204,5/9/2008,ANB FINANCIAL NATIONAL ASSOCIATION,1895545,1815691,34.969704,-92.373123
NM,"SEATTLE, WA",Washington,380990,95151,6/11/2010,WASHINGTON FIRST INTERNATIONAL BANK,520887,441362,47.400902,-121.490494
NM,"LYNCHBURG, TN",Tennessee,286342,33106,6/15/2012,THE FARMERS BANK OF LYNCHBURG,163859,156402,35.747845,-86.692345
NM,"PALATKA, FL",Florida,778545,28751,6/15/2012,PUTNAM STATE BANK,169489,160024,27.994402,-81.760254
NM,"MARIETTA, GA",Georgia,447765,44760,6/15/2012,SECURITY EXCHANGE BANK,150962,147896,33.040619,-83.643074
NM,"JACKSON, GA",Georgia,441627,75418,6/17/2011,MCINTOSH STATE BANK,339929,324403,33.040619,-83.643074
NM,"TAMPA, FL",Florida,772021,33477,6/17/2011,FIRST COMMERCIAL BANK OF TAMPA BAY,98624,92641,27.994402,-81.760254
NM,"RENO, NV",Nevada,129828,70039,6/18/2010,NEVADA SECURITY BANK,492491,479759,38.313515,-117.055374
N,"ANTHONY, KS",Kansas,134227,33230,6/19/2009,FIRST NATIONAL BANK OF ANTHONY,156954,142551,38.5266,-96.726486
NM,"WILMINGTON, NC",North Carolina,431955,287345,6/19/2009,COOPERATIVE BANK,966778,768479,35.630066,-79.806419
NM,"FAYETTEVILLE, GA",Georgia,428741,136636,6/19/2009,SOUTHERN COMMUNITY BANK,371695,297962,33.040619,-83.643074
N,"RIDGECREST, CA",California,1696172,617,6/2/2000,MONUMENT NATIONAL BANK,7923,7680,36.116203,-119.681564
NM,"MOLINE, IL",Illinois,741194,47807,6/20/2014,VALLEY BANK,456442,359953,40.349457,-88.986137
NM,"FORT LAUDERDALE, FL",Florida,817234,5439,6/20/2014,VALLEY BANK,81843,66541,27.994402,-81.760254
NM,"CLAYTON, GA",Georgia,441627,34480,6/24/2011,MOUNTAIN HERITAGE BANK,103716,89554,33.040619,-83.643074
SM,"EPHRAIM, UT",Utah,102847,2998,6/25/2004,BANK OF EPHRAIM,56774,52329,40.150032,-111.862434
NM,"ENGLEWOOD, FL",Florida,775040,184045,6/25/2010,PENINSULA BANK,630179,580140,27.994402,-81.760254
N,"SAVANNAH, GA",Georgia,433727,78167,6/25/2010,FIRST NATIONAL BANK,252520,231857,33.040619,-83.643074
NM,"ALBUQUERQUE, NM",New Mexico,87610,28392,6/25/2010,HIGH DESERT STATE BANK,80343,80985,34.840515,-106.248482
NM,"STAMFORD, CT",Connecticut,216678,53784,6/26/2002,CONNECTICUT BANK OF COMMERCE,384172,344416,41.597782,-72.755371
NM,"PINE CITY, MN",Minnesota,277494,24010,6/26/2009,HORIZON BANK,84763,69254,45.694454,-93.900192
SM,"NEWNAN, GA",Georgia,428741,80745,6/26/2009,NEIGHBORHOOD COMMUNITY BANK,212616,190070,33.040619,-83.643074
NM,"LOS ANGELES, CA",California,1995440,45309,6/26/2009,MIRAE BANK,480619,409951,36.116203,-119.681564
SM,"VILLA RICA, GA",Georgia,428741,71712,6/26/2009,COMMUNITY BANK OF WEST GEORGIA,201222,189398,33.040619,-83.643074
NM,"IRVINE, CA",California,1995440,32168,6/26/2009,METROPACIFIC BANK,75316,70078,36.116203,-119.681564
SB,"CHICAGO, IL",Illinois,647518,274,6/27/2002,UNIVERSAL FSB,51628,40340,40.349457,-88.986137
NM,"FREEDOM, OK",Oklahoma,189360,3734,6/27/2014,THE FREEDOM STATE BANK,22816,20855,35.565342,-96.928917
SB,"CHARLESTON, SC",South Carolina,176083,31204,6/3/2011,ATLANTIC BANK AND TRUST,208204,191614,33.856892,-80.945007
N,"ROSEDALE, MS",Mississippi,98601,18085,6/4/2010,FIRST NATIONAL BANK,60449,63483,32.741646,-89.678696
SB,"LINCOLN, NE",Nebraska,97466,0,6/4/2010,TIERONE BANK,2824737,2185817,41.12537,-98.268082
SI,"ARCOLA, IL",Illinois,698180,11534,6/4/2010,ARCOLA HOMESTEAD SAVINGS BANK,17028,18092,40.349457,-88.986137
NM,"LINCOLNWOOD, IL",Illinois,688161,70928,6/5/2009,BANK OF LINCOLNWOOD,212718,209285,40.349457,-88.986137
NM,"NORTH LAS VEGAS, NV",Nevada,129721,5208,6/6/2013,1st COMMERCE BANK,20152,19579,38.313515,-117.055374
N,"SEVIERVILLE, TN",Tennessee,289795,33292,6/7/2013,MOUNTAIN NATIONAL BANK,437282,373366,35.747845,-86.692345
NM,"KINGFISHER, OK",Oklahoma,174874,8725,6/8/2012,FIRST CAPITAL BANK,44448,44828,35.565342,-96.928917
NM,"SHABBONA, IL",Illinois,726399,10243,6/8/2012,FARMERS' AND TRADERS' STATE BANK,43077,42302,40.349457,-88.986137
SM,"WHITEVILLE, NC",North Carolina,445095,23756,6/8/2012,WACCAMAW BANK,533114,472704,35.630066,-79.806419
SB,"CHARLESTON, SC",South Carolina,177618,17630,6/8/2012,CAROLINA FEDERAL SAVINGS BANK,54373,53082,33.856892,-80.945007
NM,"THERMOPOLIS, WY",Wyoming,41546,32543,7/10/2009,BANK OF WYOMING,70188,66598,42.755966,-107.30249
SM,"DENVER, CO",Colorado,312410,1210,7/10/2015,PREMIER BANK,26760,25480,39.059811,-105.311104
SL,"PASADENA, CA",California,2061639,12003054,7/11/2008,INDYMAC BANK F.S.B,30698512,18941727,36.116203,-119.681564
NM,"GLASGOW, MO",Missouri,271535,1396,7/13/2012,GLASGOW SAVINGS BANK,22341,21809,38.456085,-92.288368
NM,"ALMELUND, MN",Minnesota,247803,1363,7/14/2000,TOWN & COUNTRY BANK OF ALMELUND,25942,26667,45.694454,-93.900192
NM,"STOCKBRIDGE, GA",Georgia,441627,70772,7/15/2011,HIGH TRUST BANK,180340,177221,33.040619,-83.643074
NM,"PORT SAINT LUCIE, FL",Florida,772021,13110,7/15/2011,FIRST PEOPLES BANK,225035,207621,27.994402,-81.760254
NM,"PRESCOTT, AZ",Arizona,266102,14868,7/15/2011,SUMMIT BANK,73066,67471,33.729759,-111.431221
NM,"ATLANTA, GA",Georgia,441627,40555,7/15/2011,ONE GEORGIA BANK,177715,158123,33.040619,-83.643074
SM,"MIAMI, FL",Florida,775040,64179,7/16/2010,METRO BANK OF DADE COUNTY,399441,375522,27.994402,-81.760254
SB,"HASTINGS, MI",Michigan,404217,12789,7/16/2010,"MAINSTREET SAVINGS BANK, FSB",96584,63291,43.326618,-84.536095
SB,"CLEWISTON, FL",Florida,775040,25533,7/16/2010,OLDE CYPRESS COMMUNITY BANK,161355,157997,27.994402,-81.760254
SB,"AVENTURA, FL",Florida,775040,28658,7/16/2010,TURNBERRY BANK,240251,179169,27.994402,-81.760254
SB,"BLUFFTON, SC",South Carolina,172131,107349,7/16/2010,WOODLANDS BANK,382803,364808,33.856892,-80.945007
N,"SPARTANBURG, SC",South Carolina,172131,68274,7/16/2010,FIRST NATIONAL BANK OF THE SOUTH,619374,550891,33.856892,-80.945007
N,"RANCHO CUCAMONGA, CA",California,1995440,278591,7/17/2009,"VINEYARD BANK, NATIONAL ASSOCIATION",1638378,1526186,36.116203,-119.681564
SM,"SIOUX FALLS, SD",South Dakota,39987,110201,7/17/2009,BANKFIRST,210844,232203,44.299782,-99.438828
NM,"TEMECULA, CA",California,1995440,227400,7/17/2009,TEMECULA VALLEY BANK,1396622,1276287,36.116203,-119.681564
NM,"WINDER, GA",Georgia,428741,37998,7/17/2009,FIRST PIEDMONT BANK,114113,108499,33.040619,-83.643074
NM,"CONYERS, GA",Georgia,470010,38334,7/18/2014,EASTSIDE COMMERCIAL BANK,173946,166875,33.040619,-83.643074
N,"DANVILLE, IL",Illinois,688161,24202,7/2/2009,THE FIRST NATIONAL BANK OF DANVILLE,148218,140185,40.349457,-88.986137
NM,"ELIZABETH, IL",Illinois,688161,9832,7/2/2009,THE ELIZABETH STATE BANK,55027,48131,40.349457,-88.986137
NM,"WINCHESTER, IL",Illinois,688161,8030,7/2/2009,THE FIRST STATE BANK OF WINCHESTER,30073,30806,40.349457,-88.986137
NM,"CLINTON, IL",Illinois,688161,14315,7/2/2009,THE JOHN WARNER BANK,69609,65179,40.349457,-88.986137
NM,"OREGON, IL",Illinois,688161,18558,7/2/2009,ROCK RIVER BANK,74808,74896,40.349457,-88.986137
NM,"WORTH, IL",Illinois,688161,129512,7/2/2009,FOUNDERS BANK,889172,832160,40.349457,-88.986137
NM,"DALLAS, TX",Texas,1277295,52700,7/2/2009,MILLENNIUM STATE BANK OF TEXAS,118601,115478,31.054487,-97.563461
NM,"LEAWOOD, KS",Kansas,141818,363,7/20/2012,HEARTLAND BANK,96002,89723,38.5266,-96.726486
SB,"CHICAGO, IL",Illinois,726399,86252,7/20/2012,SECOND FEDERAL SAVINGS AND LOAN ASSOCIATION OF CHICAGO,190891,171627,40.349457,-88.986137
NM,"WOODSTOCK, GA",Georgia,447765,36215,7/20/2012,FIRST CHEROKEE STATE BANK,209021,182114,33.040619,-83.643074
NM,"NAPLES, FL",Florida,778545,16848,7/20/2012,THE ROYAL PALM BANK OF FLORIDA,78771,78876,27.994402,-81.760254
NM,"BUFORD, GA",Georgia,447765,25335,7/20/2012,GEORGIA TRUST BANK,116890,114748,33.040619,-83.643074
NM,"GREELEY, CO",Colorado,271701,135593,7/22/2011,BANK OF CHOICE,954106,818670,39.059811,-105.311104
SM,"SARASOTA, FL",Florida,772021,37389,7/22/2011,LANDMARK BANK OF FLORIDA,266482,244362,27.994402,-81.760254
NM,"APOLLO BEACH, FL",Florida,772021,11403,7/22/2011,SOUTHSHORE COMMUNITY BANK,41252,41434,27.994402,-81.760254
SM,"SYLVAN GROVE, KS",Kansas,135723,6651,7/23/2010,THUNDER BANK,28248,27048,38.5266,-96.726486
N,"KINGSTREE, SC",South Carolina,172131,2425,7/23/2010,WILLIAMSBURG FIRST NATIONAL BANK,130411,126993,33.856892,-80.945007
SM,"CAVE JUNCTION, OR",Oregon,169234,28068,7/23/2010,HOME VALLEY BANK,250488,227935,44.572021,-122.070938
NM,"JASPER, GA",Georgia,433727,303803,7/23/2010,CRESCENT BANK AND TRUST COMPANY,970235,932809,33.040619,-83.643074
SM,"LANTANA, FL",Florida,775040,41792,7/23/2010,STERLING BANK,354966,329541,27.994402,-81.760254
NM,"NEW PRAGUE, MN",Minnesota,287140,18495,7/23/2010,COMMUNITY SECURITY BANK,100649,95100,45.694454,-93.900192
NM,"LAS VEGAS, NV",Nevada,129828,86297,7/23/2010,SOUTHWESTUSA BANK,203690,183985,38.313515,-117.055374
NM,"GRAY, GA",Georgia,428741,98201,7/24/2009,SECURITY BANK OF JONES COUNTY,432712,375238,33.040619,-83.643074
NM,"PERRY, GA",Georgia,428741,50980,7/24/2009,SECURITY BANK OF HOUSTON COUNTY,371624,313155,33.040619,-83.643074
NM,"MACON, GA",Georgia,428741,414269,7/24/2009,SECURITY BANK OF BIBB COUNTY,943744,831437,33.040619,-83.643074
NM,"WOODSTOCK, GA",Georgia,428741,102031,7/24/2009,SECURITY BANK OF NORTH METRO,184184,182413,33.040619,-83.643074
NM,"SUWANNEE, GA",Georgia,428741,193409,7/24/2009,SECURITY BANK OF GWINNETT COUNTY,259182,256578,33.040619,-83.643074
NM,"ALPHARETTA, GA",Georgia,428741,49000,7/24/2009,SECURITY BANK OF NORTH FULTON,190564,179523,33.040619,-83.643074
NM,"WILLIAMSVILLE, NY",New York,1230672,7875,7/24/2009,WATERFORD VILLAGE BANK,55707,56145,42.165726,-74.948051
N,"RENO, NV",Nevada,139954,711000,7/25/2008,FIRST NATIONAL BANK OF NEVADA,3411145,3038053,38.313515,-117.055374
N,"NEWPORT BEACH, CA",California,2061639,92139,7/25/2008,FIRST HERITAGE BANK N.A.,255376,234812,36.116203,-119.681564
SB,"CHICAGO, IL",Illinois,741194,18412,7/25/2014,"GREENCHOICE BANK, FSB",70286,68722,40.349457,-88.986137
SB,"HINSDALE, IL",Illinois,642293,286673,7/27/2001,"SUPERIOR BANK, FSB",1765455,1609501,40.349457,-88.986137
NM,"JASPER, GA",Georgia,447765,49244,7/27/2012,JASPER BANKING COMPANY,206672,204238,33.040619,-83.643074
SM,"ELKHART, KS",Kansas,,54167,7/28/2023,HEARTLAND TRI-STATE BANK,139446,130110,38.5266,-96.726486
N,"EVANSVILLE, IN",Indiana,299065,30575,7/29/2011,INTEGRA BANK NATIONAL ASSOCIATION,1994430,1693592,39.849426,-86.258278
N,"COLUMBIA, SC",South Carolina,176083,49181,7/29/2011,"BANKMERIDIAN, N.A.",232648,209737,33.856892,-80.945007
SM,"RICHMOND, VA",Virginia,444288,19851,7/29/2011,VIRGINIA BUSINESS BANK,83493,72955,37.769337,-78.169968
NM,"PANAMA CITY BEACH, FL",Florida,775040,116866,7/30/2010,COASTAL COMMUNITY BANK,377469,370016,27.994402,-81.760254
NM,"LONGVIEW, WA",Washington,380990,31478,7/30/2010,THE COWLITZ BANK,489019,474742,47.400902,-121.490494
NM,"EUGENE, OR",Oregon,169234,51253,7/30/2010,LIBERTYBANK,714574,692670,44.572021,-122.070938
NM,"ACWORTH, GA",Georgia,433727,33627,7/30/2010,NORTHWEST BANK & TRUST,160763,155531,33.040619,-83.643074
SB,"PORT SAINT JOE, FL",Florida,775040,12479,7/30/2010,BAYSIDE SAVINGS BANK,64344,52720,27.994402,-81.760254
NM,"ALTUS, OK",Oklahoma,160092,25969,7/31/2009,FIRST STATE BANK OF ALTUS,90867,98161,35.565342,-96.928917
NM,"HARVEY, IL",Illinois,688161,793841,7/31/2009,MUTUAL BANK,1595657,1546525,40.349457,-88.986137
SB,"WEST CHESTER, OH",Ohio,511077,61523,7/31/2009,PEOPLES COMMUNITY BANK,606153,538787,40.388783,-82.764915
NM,"ELIZABTH, NJ",New Jersey,506851,20048,7/31/2009,FIRST BANKAMERICANO,163372,155463,40.298904,-74.521011
NM,"JUPITER, FL",Florida,769061,36473,7/31/2009,INTEGRITY BANK,105298,98511,27.994402,-81.760254
NM,"AILEY, GA",Georgia,447765,65798,7/6/2012,MONTGOMERY BANK & TRUST,153208,164181,33.040619,-83.643074
SM,"CHICAGO, IL",Illinois,711283,192899,7/8/2011,FIRST CHICAGO BANK & TRUST,896864,830530,40.349457,-88.986137
NM,"CASTLE ROCK, CO",Colorado,271701,254944,7/8/2011,COLORADO CAPITAL BANK,665806,635202,39.059811,-105.311104
NM,"WINDSOR, CO",Colorado,271701,23311,7/8/2011,SIGNATURE  BANK,62518,60349,39.059811,-105.311104
N,"BLACKWELL, OK",Oklahoma,160564,65822,7/9/2010,HOME NATIONAL BANK,585445,514038,35.565342,-96.928917
SB,"BALTIMORE, MD",Maryland,325370,3694,7/9/2010,IDEAL FEDERAL SAVINGS BANK,6177,5803,39.063946,-76.802101
N,"BALTIMORE, MD",Maryland,325370,21144,7/9/2010,BAY NATIONAL BANK,217743,212612,39.063946,-76.802101
NM,"PORT CHESTER, NY",New York,1277467,63537,7/9/2010,USA BANK,190678,188644,42.165726,-74.948051
NM,"BRADENTON, FL",Florida,816070,95555,8/1/2008,FIRST PRIORITY BANK,258610,226698,27.994402,-81.760254
N,"OLATHE, KS",Kansas,139579,103328,8/12/2011,THE FIRST NATIONAL BANK OF OLATHE,538091,524290,38.5266,-96.726486
NM,"PALOS HEIGHTS, IL",Illinois,698180,66962,8/13/2010,PALOS BANK AND TRUST COMPANY,493391,467784,40.349457,-88.986137
NM,"MONTGOMERY, AL",Alabama,180707,2380732,8/14/2009,COLONIAL BANK,25455112,20072099,32.806671,-86.79113
SL,"PITTSBURGH, PA",Pennsylvania,610148,8352,8/14/2009,DWELLING HOUSE SAVINGS AND LOAN,12947,12984,40.590752,-77.209755
SM,"LAS VEGAS, NV",Nevada,128241,557962,8/14/2009,COMMUNITY BANK OF NEVADA,1397798,1372744,38.313515,-117.055374
N,"GILBERT, AZ",Arizona,257499,51989,8/14/2009,"UNION BANK, NATIONAL ASSOCIATION",119529,110362,33.729759,-111.431221
NM,"PHOENIX, AZ",Arizona,257499,26760,8/14/2009,COMMUNITY BANK OF ARIZONA,158517,143834,33.729759,-111.431221
SI,"HUNTINGDON VALLEY, PA",Pennsylvania,637114,15828,8/18/2011,PUBLIC SAVINGS BANK,46818,45770,40.590752,-77.209755
SB,"PALM BEACH, FL",Florida,772021,187814,8/19/2011,LYDIAN PRIVATE BANK,1700117,1253835,27.994402,-81.760254
NM,"GENEVA, IL",Illinois,711283,34064,8/19/2011,FIRST CHOICE BANK,141016,137215,40.349457,-88.986137
N,"STATESBORO, GA",Georgia,441627,22171,8/19/2011,FIRST SOUTHERN NATIONAL BANK,164599,159673,33.040619,-83.643074
NM,"WOODBURY, GA",Georgia,506816,3290,8/19/2016,THE WOODBURY BANKING COMPANY,21426,21122,33.040619,-83.643074
NM,"FORT MYERS, FL",Florida,794842,24921,8/2/2013,FIRST COMMUNITY BANK OF SOUTHWEST FLORIDA,247315,243618,27.994402,-81.760254
NM,"CHICAGO, IL",Illinois,698180,525962,8/20/2010,SHOREBANK,2166431,1547403,40.349457,-88.986137
N,"BARTOW, FL",Florida,775040,9170,8/20/2010,COMMUNITY NATIONAL BANK AT BARTOW,67918,63708,27.994402,-81.760254
SM,"STOCKTON, CA",California,2036015,34038,8/20/2010,PACIFIC STATE BANK,312077,278832,36.116203,-119.681564
NM,"SONOMA, CA",California,2036015,10285,8/20/2010,SONOMA VALLEY BANK,337113,255501,36.116203,-119.681564
N,"OCALA, FL",Florida,775040,11982,8/20/2010,INDEPENDENT NATIONAL BANK,156218,141877,27.994402,-81.760254
SL,"MARTINSVILLE, VA",Virginia,441242,4746,8/20/2010,IMPERIAL SAVINGS AND LOAN ASSOCIATION,9448,10090,37.769337,-78.169968
SB,"SOLVANG, CA",California,2036015,3434,8/20/2010,LOS PADRES BANK,866459,770899,36.116203,-119.681564
NM,"CHICO, CA",California,2036015,1663,8/20/2010,BUTTE COMMUNITY BANK,498751,471256,36.116203,-119.681564
SM,"BIRMINGHAM, AL",Alabama,180707,126332,8/21/2009,CAPITALSOUTH BANK,586586,539422,32.806671,-86.79113
SB,"AUSTIN, TX",Texas,1277295,0,8/21/2009,GUARANTY BANK,13464352,11984112,31.054487,-97.563461
SB,"ATLANTA, GA",Georgia,428741,49948,8/21/2009,EBANK,144688,131510,33.040619,-83.643074
NM,"NEWNAN, GA",Georgia,428741,66684,8/21/2009,FIRST COWETA,163755,154903,33.040619,-83.643074
NM,"TOPEKA, KS",Kansas,139537,334277,8/22/2008,THE COLUMBIAN BANK AND TRUST COMPANY,735071,620354,38.5266,-96.726486
NM,"PARSONS, TN",Tennessee,289795,129801,8/23/2013,COMMUNITY SOUTH BANK,386908,377672,35.747845,-86.692345
NM,"PHOENIX, AZ",Arizona,273482,15391,8/23/2013,SUNRISE BANK OF ARIZONA,202179,196924,33.729759,-111.431221
NM,"FOREST LAKE, MN",Minnesota,277494,89930,8/28/2009,MAINSTREET BANK,458533,432818,45.694454,-93.900192
NM,"VENTURA, CA",California,1995440,234069,8/28/2009,AFFINITY BANK,1211431,905593,36.116203,-119.681564
SB,"BALTIMORE, MD",Maryland,311342,46897,8/28/2009,BRADFORD BANK,451888,382159,39.063946,-76.802101
NM,"ALPHARETTA, GA",Georgia,445765,465942,8/29/2008,INTEGRITY BANK,1107514,962456,33.040619,-83.643074
SI,"WAUKEGAN, IL",Illinois,726399,23518,8/3/2012,WAUKEGAN SAVINGS BANK,83679,73001,40.349457,-88.986137
SM,"COLFAX, WA",Washington,387745,100914,8/5/2011,BANK OF WHITMAN,548570,515732,47.400902,-121.490494
NM,"SHOREWOOD, IL",Illinois,711283,29378,8/5/2011,BANK OF SHOREWOOD,110723,104021,40.349457,-88.986137
NM,"CHICAGO, IL",Illinois,698180,68113,8/6/2010,RAVENSWOOD BANK,264628,269448,40.349457,-88.986137
SM,"PRINEVILLE, OR",Oregon,165527,73567,8/7/2009,COMMUNITY FIRST BANK,199508,180691,44.572021,-122.070938
N,"VENICE, FL",Florida,769061,25369,8/7/2009,COMMUNITY NATIONAL BANK OF SARASOTA COUNTY,92528,92352,27.994402,-81.760254
NM,"SARASOTA, FL",Florida,769061,119466,8/7/2009,FIRST STATE BANK,447667,394701,27.994402,-81.760254
NM,"WAUSAU, WI",Wisconsin,278015,13428,8/9/2013,BANK OF WAUSAU,43564,40663,44.268543,-89.616508
SM,"BRADENTON, FL",Florida,775040,61295,9/10/2010,HORIZON BANK,187819,164594,27.994402,-81.760254
N,"CHICAGO, IL",Illinois,688161,0,9/11/2009,"CORUS BANK, N.A.",7003321,7060693,40.349457,-88.986137
NM,"LACEY, WA",Washington,370137,201128,9/11/2009,VENTURE BANK,968385,917729,47.400902,-121.490494
NM,"WOODBURY, MN",Minnesota,277494,24597,9/11/2009,BRICKWELL COMMUNITY BANK,72576,64981,45.694454,-93.900192
N,"EDINBURG, TX",Texas,1484700,616177,9/13/2013,FIRST NATIONAL BANK,3085764,2338335,31.054487,-97.563461
NM,"BRIDGEPORT, CT",Connecticut,236051,9211,9/13/2013,THE COMMUNITY'S BANK,26368,25715,41.597782,-72.755371
SM,"ST. LOUIS, MO",Missouri,271535,39469,9/14/2012,TRUMAN BANK,282338,245716,38.456085,-92.288368
NM,"WINDER, GA",Georgia,433727,101852,9/17/2010,THE PEOPLES BANK,447185,398181,33.040619,-83.643074
SI,"MILFORD, OH",Ohio,523979,17928,9/17/2010,BRAMBLE SAVINGS BANK,47523,41551,40.388783,-82.764915
SL,"WEST ALLIS, WI",Wisconsin,266831,88384,9/17/2010,MARITIME SAVINGS BANK,350488,248134,44.268543,-89.616508
NM,"CHERRY HILL, NJ",New Jersey,513918,18856,9/17/2010,ISN BANK,81564,79652,40.298904,-74.521011
NM,"DOUGLASVILLE, GA",Georgia,433727,101039,9/17/2010,FIRST COMMERCE COMMUNITY BANK,248151,242831,33.040619,-83.643074
NM,"ELLIJAY, GA",Georgia,433727,79709,9/17/2010,THE BANK OF ELLIJAY,168820,160718,33.040619,-83.643074
SM,"COLUMBUS, IN",Indiana,279521,755962,9/18/2009,IRWIN UNION BANK AND TRUST COMPANY,2839747,2254025,39.849426,-86.258278
SB,"LOUISVILLE, KY",Kentucky,166704,114006,9/18/2009,"IRWIN UNION BANK, FSB",518151,462611,37.66814,-84.670067
SB,"NORTHFORK, WV",West Virginia,68484,38290,9/19/2008,"AMERIBANK, INC.",103965,100901,38.491226,-80.95457
NM,"WOODSTOCK, GA",Georgia,441627,33845,9/2/2011,CREEKSIDE BANK,102338,96583,33.040619,-83.643074
NM,"CUMMING, GA",Georgia,441627,54248,9/2/2011,PATRIOT BANK OF GEORGIA,150751,140612,33.040619,-83.643074
SM,"NORFOLK, VA",Virginia,444288,238719,9/23/2011,BANK OF THE COMMONWEALTH,985096,901845,37.769337,-78.169968
NM,"NEVADA CITY, CA",California,2063828,40895,9/23/2011,CITIZENS BANK OF NORTHERN CALIFORNIA,288765,253079,36.116203,-119.681564
SM,"MULBERRY, AR",Arkansas,112798,6213,9/23/2016,ALLIED BANK,66336,64713,34.969704,-92.373123
NM,"ARLINGTON, WA",Washington,380990,70800,9/24/2010,NORTH COUNTY BANK,288776,276081,47.400902,-121.490494
NM,"PONTE VEDRA BEACH, FL",Florida,775040,34827,9/24/2010,HAVEN TRUST BANK FLORIDA,148575,133561,27.994402,-81.760254
SB,"HENDERSON, NV",Nevada,139954,0,9/25/2008,WASHINGTON MUTUAL BANK,307021614,188260793,38.313515,-117.055374
NM,"ATLANTA, GA",Georgia,428741,960820,9/25/2009,GEORGIAN BANK,2230230,1960123,33.040619,-83.643074
SB,"ALPHARETTA, GA",Georgia,455904,119608,9/28/2007,NETBANK,2473806,2290046,33.040619,-83.643074
NM,"CRETE, IL",Illinois,726399,33841,9/28/2012,FIRST UNITED BANK,328422,316877,40.349457,-88.986137
NM,"FALKNER, MS",Mississippi,88078,14592,9/29/2000,BANK OF FALKNER,85485,77140,32.741646,-89.678696
SM,"ATLANTA, GA",Georgia,399413,1326,9/30/2002,AMTRADE INTERNATIONAL BANK OF GEORGIA,92144,73205,33.040619,-83.643074
NM,"PLANO, TX",Texas,1353600,58022,9/30/2011,FIRST INTERNATIONAL BANK,239916,208775,31.054487,-97.563461
NM,"OAK FOREST, IL",Illinois,688161,56911,9/4/2009,INBANK,209848,209211,40.349457,-88.986137
NM,"KANSAS CITY, MO",Missouri,266835,7548,9/4/2009,FIRST BANK OF KANSAS CITY,15723,14479,38.456085,-92.288368
SB,"SIOUX CITY, IA",Iowa,146183,101576,9/4/2009,VANTUS BANK,503643,394369,42.011539,-93.210526
NM,"FLAGSTAFF, AZ",Arizona,257499,49833,9/4/2009,FIRST STATE BANK,107235,95734,33.729759,-111.431221
SB,"ROLLING MEADOWS, IL",Illinois,688161,0,9/4/2009,PLATINUM COMMUNITY BANK,147961,110186,40.349457,-88.986137
NM,"HENDERSON, NV",Nevada,139954,722104,9/5/2008,SILVER STATE BANK,1957120,1733091,38.313515,-117.055374
N,"GRAVETTE, AR",Arkansas,89789,4206,9/7/2001,SINCLAIR NATIONAL BANK,29792,26054,34.969704,-92.373123
NM,"BLOOMINGTON, MN",Minnesota,298328,65213,9/7/2012,FIRST COMMERCIAL BANK,215867,206809,45.694454,-93.900192
N,"MILTON, FL",Florida,772021,75749,9/9/2011,THE FIRST NATIONAL BANK OF FLORIDA,296841,280095,27.994402,-81.760254
